<?xml version="1.0" encoding="UTF-8"?>
<project-private xmlns="http://www.netbeans.org/ns/project-private/1">
    <editor-bookmarks xmlns="http://www.netbeans.org/ns/editor-bookmarks/2" lastBookmarkId="0"/>
    <open-files xmlns="http://www.netbeans.org/ns/projectui-open-files/2">
        <group>
            <file>file:/C:/Users/Aluno/Documents/NetBeansProjects/Tela/src/Formularios/Cadastroouvintes.java</file>
            <file>file:/C:/Users/Aluno/Documents/NetBeansProjects/Tela/src/Formularios/ReservaSala.java</file>
            <file>file:/C:/Users/Aluno/Documents/NetBeansProjects/Tela/src/projetopalestrass/ProjetoPalestras.java</file>
            <file>file:/C:/Users/Aluno/Documents/NetBeansProjects/Tela/src/Formularios/Principal.java</file>
            <file>file:/C:/Users/Aluno/Documents/NetBeansProjects/Tela/src/Formularios/PalestrasAgendadas.java</file>
            <file>file:/C:/Users/Aluno/Documents/NetBeansProjects/Tela/src/persistencia/ConectaBanco.java</file>
            <file>file:/C:/Users/Aluno/Documents/NetBeansProjects/Tela/src/Formularios/AgendamentoPalestras.java</file>
        </group>
    </open-files>
</project-private>
